{
  "apiVersion": 2,
  "apiVersionMinor": 0,
  "allowedPaymentMethods": [
    {
      "type": "CARD",
      "parameters": {
        "allowedAuthMethods": ["PAN_ONLY", "CRYPTOGRAM_3DS"],
        "allowedCardNetworks": ["AMEX", "DISCOVER", "JCB", "MASTERCARD", "VISA"]
      },
      "tokenizationSpecification": {
        "type": "PAYMENT_GATEWAY",
        "parameters": {
          "gateway": "example",
          "gatewayMerchantId": "your-merchant-id"
        }
      }
    }
  ],
  "merchantInfo": {
    "merchantName": "",
    "merchantId": ""
  },
  "transactionInfo": {
    "totalPriceStatus": "FINAL",
    "totalPrice": "0.00",
    "currencyCode": "USD"
  }
}
